{
  "flash.client.url": "http://127.0.0.1:5000/gordon/GORDON-PRODUCTION/",
  "furnidata.load.url": "http://127.0.0.1:5000/gamedata/furnidata.xml",
  "productdata.load.url": "http://127.0.0.1:5000/gamedata/productdata.xml",
  "figuredata.load.url": "http://127.0.0.1:5000/gamedata/figuredata.xml",
  "figuremap.load.url": "http://127.0.0.1:5000/gamedata/figuremap.xml",
  "effectmap.load.url": "http://127.0.0.1:5000/gamedata/effectmap.xml",
  "dynamic.download.pet.url": "${flash.client.url}pets/%className%.swf",
  "dynamic.download.figure.url": "${flash.client.url}figure/%className%.swf",
  "dynamic.download.effect.url": "${flash.client.url}effects/%className%.swf",
  "flash.dynamic.download.url": "http://127.0.0.1:5000/dcr/hof_furni/",
  "dynamic.download.furniture.url": "${flash.dynamic.download.url}%className%.swf",
  "external.variables.url": "http://127.0.0.1:5000/gamedata/external_variables.txt",
  "external.texts.url": "http://127.0.0.1:5000/gamedata/external_flash_texts.txt",
  "convert.figure": "1",
  "convert.effect": "1",
  "convert.furniture": "1",
  "convert.furniture.floor.only": "0",
  "convert.furniture.wall.only": "0",
  "convert.pet": "1"
}
